<?xml version="1.0" encoding="UTF-8" standalone="yes" ?>
<Forms>
    <Form Class="Window" LAnchorPoint="0" LAnchorOffset="617" TAnchorPoint="0" TAnchorOffset="421" RAnchorPoint="0" RAnchorOffset="736" BAnchorPoint="0" BAnchorOffset="525" RelativeToClient="1" Font="Default" Text="" Template="Holo_Background_General" Name="DPDKPForm" Border="0" Picture="1" SwallowMouseClicks="1" Moveable="1" Escapable="1" Overlapped="1" BGColor="ffffffff" TextColor="ffffffff" TextId="" TooltipColor="" Tooltip="" Sprite="">
        <Control Class="Window" LAnchorPoint="0" LAnchorOffset="22" TAnchorPoint="0" TAnchorOffset="66" RAnchorPoint="1" RAnchorOffset="-21" BAnchorPoint="1" BAnchorOffset="-84" RelativeToClient="1" Font="Default" Text="" Template="CRB_Normal" Name="ItemList" BGColor="ffffffff" TextColor="ffffffff" VScroll="1" UseTemplateBG="1" Border="1" NewControlDepth="2" TextId=""/>
        <Control Class="CostumeWindow" LAnchorPoint="0" LAnchorOffset="31" TAnchorPoint="0" TAnchorOffset="8" RAnchorPoint="0" RAnchorOffset="84" BAnchorPoint="0" BAnchorOffset="57" RelativeToClient="1" Font="Default" Text="" Template="Default" Name="wndHead" BGColor="white" TextColor="ffffffff" Camera="Target" Animated="1" TooltipType="OnCursor" TooltipColor="" Sprite="CRB_Basekit:kitBase_HoloTeal_NoBorder" Picture="1" UseTemplateBG="0" AutoFade="0" TestAlpha="0" NoClip="1" Quality="1.000000" Frame="0"/>
        <Control Class="EditBox" LAnchorPoint="0" LAnchorOffset="10" TAnchorPoint="0" TAnchorOffset="66" RAnchorPoint="0" RAnchorOffset="55" BAnchorPoint="0" BAnchorOffset="93" RelativeToClient="1" Font="Thick" Text="DKP:" BGColor="UI_WindowBGDefault" TextColor="AttributeName" Template="Default" TooltipType="OnCursor" Name="lblDKP" TooltipColor="" TextId="" ReadOnly="1"/>
        <Control Class="EditBox" LAnchorPoint="0" LAnchorOffset="52" TAnchorPoint="0" TAnchorOffset="66" RAnchorPoint="0" RAnchorOffset="119" BAnchorPoint="0" BAnchorOffset="92" RelativeToClient="1" Font="Thick" Text="" BGColor="UI_WindowBGDefault" TextColor="AttributeStamina" Template="Default" TooltipType="OnCursor" Name="lblDKPcurrent" TooltipColor="" TextId="CRB_0" ReadOnly="1"/>
        <Control Class="Button" Base="QuestLogSprites:btnQuestOptions" Font="DefaultButton" ButtonType="PushButton" RadioGroup="" LAnchorPoint="0" LAnchorOffset="87" TAnchorPoint="0" TAnchorOffset="6" RAnchorPoint="0" RAnchorOffset="118" BAnchorPoint="0" BAnchorOffset="35" DT_VCENTER="1" DT_CENTER="1" BGColor="UI_BtnBGDefault" TextColor="UI_BtnTextDefault" NormalTextColor="UI_BtnTextDefault" PressedTextColor="UI_BtnTextDefault" FlybyTextColor="UI_BtnTextDefault" PressedFlybyTextColor="UI_BtnTextDefault" DisabledTextColor="UI_BtnTextDefault" TooltipType="OnCursor" Name="btnList" TooltipColor="" Picture="0" Template="GreyDetail" Text="">
            <Event Name="ButtonSignal" Function="OnOpenList"/>
        </Control>
        <Control Class="Button" Base="CRB_DatachronSprites:btnDC_Interface" Font="DefaultButton" ButtonType="PushButton" RadioGroup="" LAnchorPoint="0" LAnchorOffset="91" TAnchorPoint="0" TAnchorOffset="38" RAnchorPoint="0" RAnchorOffset="114" BAnchorPoint="0" BAnchorOffset="60" DT_VCENTER="1" DT_CENTER="1" BGColor="UI_BtnBGDefault" TextColor="UI_BtnTextDefault" NormalTextColor="UI_BtnTextDefault" PressedTextColor="UI_BtnTextDefault" FlybyTextColor="UI_BtnTextDefault" PressedFlybyTextColor="UI_BtnTextDefault" DisabledTextColor="UI_BtnTextDefault" TooltipType="OnCursor" Name="btnRefresh" TooltipColor="" Template="GreyDetail">
            <Event Name="ButtonSignal" Function="YourFunctionName"/>
        </Control>
    </Form>
    <SpriteFile Name="NewSprite.xml"/>
    <Form Class="Window" LAnchorPoint="0" LAnchorOffset="318" TAnchorPoint="0" TAnchorOffset="129" RAnchorPoint="0" RAnchorOffset="886" BAnchorPoint="0" BAnchorOffset="609" RelativeToClient="1" Font="Default" Text="" BGColor="ChatCommand" TextColor="UI_WindowTextDefault" Template="Holo_Background_General" TooltipType="OnCursor" Name="DPDKPLeaderWindow" Border="1" Picture="1" SwallowMouseClicks="1" Moveable="1" Escapable="1" Overlapped="1" TooltipColor="">
        <Control Class="Window" LAnchorPoint="0" LAnchorOffset="29" TAnchorPoint="0" TAnchorOffset="71" RAnchorPoint="1" RAnchorOffset="-14" BAnchorPoint="1" BAnchorOffset="-79" RelativeToClient="1" Font="Default" Text="" Template="Holo_Background_General" Name="ItemList" BGColor="ffffffff" TextColor="ffffffff" VScroll="1" UseTemplateBG="1" Border="1" NewControlDepth="2" TextId="" TooltipColor="" Tooltip=""/>
        <Control Class="EditBox" LAnchorPoint="0" LAnchorOffset="95" TAnchorPoint="0" TAnchorOffset="3" RAnchorPoint="0" RAnchorOffset="481" BAnchorPoint="0" BAnchorOffset="39" RelativeToClient="1" Font="Default" Text="Import..." BGColor="cyan" TextColor="white" Template="CRB_Hologram" TooltipType="OnCursor" Name="editImport" TooltipColor="" Border="1" Picture="1" UseTemplateBG="1" TestAlpha="0" UseParentOpacity="0" HScroll="0" VScroll="0" NotRelative="0" Sprite="CRB_ActionBarIconSprites:sprAS_GreenBorder" MultiLine="1" CloseOnExternalClick="0" Escapable="0" LoseFocusOnExternalClick="1" TextId="" Tooltip=""/>
        <Control Class="EditBox" LAnchorPoint="0" LAnchorOffset="35" TAnchorPoint="0" TAnchorOffset="9" RAnchorPoint="0" RAnchorOffset="95" BAnchorPoint="0" BAnchorOffset="34" RelativeToClient="1" Font="Thick" Text="Import" BGColor="UI_WindowBGDefault" TextColor="AttributeName" Template="Default" TooltipType="OnCursor" Name="lblImport" TooltipColor="" TextId="" ReadOnly="1"/>
        <Control Class="Button" Base="BK3:btnHolo_Blue_Small" Font="CRB_Interface9_BO" ButtonType="PushButton" RadioGroup="" LAnchorPoint="0" LAnchorOffset="496" TAnchorPoint="0" TAnchorOffset="-1" RAnchorPoint="0" RAnchorOffset="559" BAnchorPoint="0" BAnchorOffset="44" DT_VCENTER="1" DT_CENTER="1" BGColor="UI_BtnBGDefault" TextColor="AttributeName" NormalTextColor="UI_BtnTextDefault" PressedTextColor="UI_BtnTextDefault" FlybyTextColor="UI_BtnTextDefault" PressedFlybyTextColor="UI_BtnTextDefault" DisabledTextColor="UI_BtnTextDefault" TooltipType="OnCursor" Name="btnImport" TooltipColor="" Text="Import" TextId="" Template="GreyBevTab">
            <Event Name="ButtonSignal" Function="OnImport"/>
        </Control>
        <Control Class="EditBox" LAnchorPoint="0" LAnchorOffset="68" TAnchorPoint="0" TAnchorOffset="60" RAnchorPoint="0" RAnchorOffset="535" BAnchorPoint="0" BAnchorOffset="421" RelativeToClient="1" Font="Default" Text="" BGColor="UI_WindowBGDefault" TextColor="UI_WindowTextDefault" Template="Default" TooltipType="OnCursor" Name="editData" TooltipColor="" ReadOnly="1" MultiLine="1"/>
        <Control Class="Button" Base="BK3:btnHolo_Blue_Small" Font="CRB_Interface9_BO" ButtonType="PushButton" RadioGroup="" LAnchorPoint="0" LAnchorOffset="496" TAnchorPoint="0" TAnchorOffset="28" RAnchorPoint="0" RAnchorOffset="559" BAnchorPoint="0" BAnchorOffset="73" DT_VCENTER="1" DT_CENTER="1" BGColor="UI_BtnBGDefault" TextColor="AttributeName" NormalTextColor="UI_BtnTextDefault" PressedTextColor="UI_BtnTextDefault" FlybyTextColor="UI_BtnTextDefault" PressedFlybyTextColor="UI_BtnTextDefault" DisabledTextColor="UI_BtnTextDefault" TooltipType="OnCursor" Name="btnReset" TooltipColor="" Text="" TextId="Tutorials_Reset" Template="GreyBevTab">
            <Event Name="ButtonSignal" Function="OnReset"/>
        </Control>
    </Form>
    <Form Class="Window" LAnchorPoint="0" LAnchorOffset="0" TAnchorPoint="0" TAnchorOffset="0" RAnchorPoint="1" RAnchorOffset="0" BAnchorPoint="0" BAnchorOffset="35" RelativeToClient="1" Font="Default" Text="" Template="CRB_InnerWindow" Name="ListMember" Border="1" Picture="0" SwallowMouseClicks="1" Moveable="0" Escapable="0" Overlapped="0" BGColor="ffffffff" TextColor="ffffffff" TextId="" HScroll="0" UseTemplateBG="1">
        <Control Class="Window" LAnchorPoint="0" LAnchorOffset="8" TAnchorPoint="0" TAnchorOffset="-1" RAnchorPoint="1" RAnchorOffset="-52" BAnchorPoint="1" BAnchorOffset="0" RelativeToClient="1" Font="CRB_InterfaceMedium" Template="Default" Name="Text" BGColor="ffffffff" TextColor="ffffffff" DT_VCENTER="1" TextId="CRB__2" Text=""/>
        <Event Name="MouseButtonUp" Function="OnListItemSelected"/>
    </Form>
    <Form Class="Window" LAnchorPoint="0" LAnchorOffset="0" TAnchorPoint="0" TAnchorOffset="0" RAnchorPoint="1" RAnchorOffset="0" BAnchorPoint="0" BAnchorOffset="35" RelativeToClient="1" Font="Default" Text="" Template="Holo_Background_General" Name="ListItem" Border="1" Picture="0" SwallowMouseClicks="1" Moveable="0" Escapable="0" Overlapped="0" BGColor="ffffffff" TextColor="ffffffff" TextId="" HScroll="0" UseTemplateBG="1" TooltipColor="">
        <Control Class="Window" LAnchorPoint="0" LAnchorOffset="3" TAnchorPoint="0" TAnchorOffset="-7" RAnchorPoint="0" RAnchorOffset="369" BAnchorPoint="1" BAnchorOffset="5" RelativeToClient="1" Font="Thick" Template="Holo_Background_General" Name="Name" BGColor="white" TextColor="cyan" DT_VCENTER="1" TextId="Challenges_NoProgress" Text="" TooltipColor="" IgnoreMouse="1" UseTemplateBG="1" Border="0"/>
        <Event Name="MouseButtonUp" Function="OnListItemSelected"/>
        <Control Class="Window" LAnchorPoint="0" LAnchorOffset="371" TAnchorPoint="0" TAnchorOffset="-7" RAnchorPoint="0" RAnchorOffset="428" BAnchorPoint="1" BAnchorOffset="0" RelativeToClient="1" Font="Thick" Template="Holo_Background_General" Name="DKP" BGColor="white" TextColor="AttributeStamina" DT_VCENTER="1" TextId="CRB__2" Text="" TooltipColor="" IgnoreMouse="1" UseTemplateBG="1" Border="0" Tooltip=""/>
    </Form>
</Forms>
